{"DataContractVersion":"1.1","DocumentTypes":[{"Connections":[],"DocumentTypeId":"ses.coi.acord25","Group":"ses","Category":"coi","Name":"acord25","OptionalUniqueIdentifier":"","TypeField":{"FieldId":"ses.coi.acord25.DocumentType","FieldName":"Document Type"},"Fields":[{"FieldId":"ses.coi.acord25.producername","FieldName":"producer name","IsMultiValue":false,"Type":"Text","DeriveFieldsFormat":"","Components":[],"SetValues":[],"Metadata":[{"Key":"Color","Value":"#038a18"},{"Key":"Hotkey","Value":"r"}],"RuleSet":null,"DefaultValue":"","DataSource":null},{"FieldId":"ses.coi.acord25.contactname","FieldName":"contact name","IsMultiValue":false,"Type":"Name","DeriveFieldsFormat":"","Components":[],"SetValues":[],"Metadata":[{"Key":"Color","Value":"#2ee0e9"},{"Key":"Hotkey","Value":"q"}],"RuleSet":null,"DefaultValue":"","DataSource":null},{"FieldId":"ses.coi.acord25.contactphone","FieldName":"contact phone","IsMultiValue":false,"Type":"Number","DeriveFieldsFormat":"","Components":[],"SetValues":[],"Metadata":[{"Key":"Color","Value":"#8a97a0"},{"Key":"Hotkey","Value":"c"}],"RuleSet":null,"DefaultValue":"","DataSource":null},{"FieldId":"ses.coi.acord25.contactemail","FieldName":"contact email","IsMultiValue":false,"Type":"Text","DeriveFieldsFormat":"","Components":[],"SetValues":[],"Metadata":[{"Key":"Color","Value":"#661595"},{"Key":"Hotkey","Value":"a"}],"RuleSet":null,"DefaultValue":"","DataSource":null},{"FieldId":"ses.coi.acord25.documentdate","FieldName":"document date","IsMultiValue":false,"Type":"Date","DeriveFieldsFormat":"","Components":[],"SetValues":[],"Metadata":[{"Key":"Color","Value":"#e422cf"},{"Key":"Hotkey","Value":"m"}],"RuleSet":null,"DefaultValue":"","DataSource":null},{"FieldId":"ses.coi.acord25.Insured","FieldName":"Insured","IsMultiValue":false,"Type":"Text","DeriveFieldsFormat":"","Components":[],"SetValues":[],"Metadata":[{"Key":"Color","Value":"#f70092"},{"Key":"Hotkey","Value":"["}],"RuleSet":null,"DefaultValue":"","DataSource":null},{"FieldId":"ses.coi.acord25.CommercialGeneralLiability","FieldName":"Commercial General Liability","IsMultiValue":false,"Type":"Boolean","DeriveFieldsFormat":"","Components":[],"SetValues":[],"Metadata":[{"Key":"RequiresReference","Value":"False"},{"Key":"Color","Value":"#bc8477"},{"Key":"Hotkey","Value":"^"}],"RuleSet":null,"DefaultValue":"","DataSource":null},{"FieldId":"ses.coi.acord25.CGLClaimsmade","FieldName":"CGL Claims made","IsMultiValue":false,"Type":"Boolean","DeriveFieldsFormat":"","Components":[],"SetValues":[],"Metadata":[{"Key":"RequiresReference","Value":"False"},{"Key":"Color","Value":"#6377e2"},{"Key":"Hotkey","Value":"("}],"RuleSet":null,"DefaultValue":"","DataSource":null},{"FieldId":"ses.coi.acord25.CGLOccur","FieldName":"CGL Occur","IsMultiValue":false,"Type":"Boolean","DeriveFieldsFormat":"","Components":[],"SetValues":[],"Metadata":[{"Key":"RequiresReference","Value":"False"},{"Key":"Color","Value":"#eb2eff"},{"Key":"Hotkey","Value":")"}],"RuleSet":null,"DefaultValue":"","DataSource":null},{"FieldId":"ses.coi.acord25.CGLpolicynumber","FieldName":"CGL policy number","IsMultiValue":false,"Type":"Text","DeriveFieldsFormat":"","Components":[],"SetValues":[],"Metadata":[{"Key":"Color","Value":"#b34692"},{"Key":"Hotkey","Value":"g"}],"RuleSet":null,"DefaultValue":"","DataSource":null},{"FieldId":"ses.coi.acord25.CGLpolicyeffective","FieldName":"CGL policy effective","IsMultiValue":false,"Type":"Date","DeriveFieldsFormat":"","Components":[],"SetValues":[],"Metadata":[{"Key":"Color","Value":"#afe042"},{"Key":"Hotkey","Value":"v"}],"RuleSet":null,"DefaultValue":"","DataSource":null},{"FieldId":"ses.coi.acord25.CGLpolicyexpiry","FieldName":"CGL policy expiry","IsMultiValue":false,"Type":"Date","DeriveFieldsFormat":"","Components":[],"SetValues":[],"Metadata":[{"Key":"Color","Value":"#7eada7"},{"Key":"Hotkey","Value":"x"}],"RuleSet":null,"DefaultValue":"","DataSource":null},{"FieldId":"ses.coi.acord25.CGLEachOccurrence","FieldName":"CGL Each Occurrence","IsMultiValue":false,"Type":"Text","DeriveFieldsFormat":"","Components":[],"SetValues":[],"Metadata":[{"Key":"Color","Value":"#d1e142"},{"Key":"Hotkey","Value":"l"}],"RuleSet":null,"DefaultValue":"","DataSource":null},{"FieldId":"ses.coi.acord25.CGLMedExp","FieldName":"CGL Med Exp","IsMultiValue":false,"Type":"Text","DeriveFieldsFormat":"","Components":[],"SetValues":[],"Metadata":[{"Key":"Color","Value":"#4cafec"},{"Key":"Hotkey","Value":"y"}],"RuleSet":null,"DefaultValue":"","DataSource":null},{"FieldId":"ses.coi.acord25.CGLPersonal&AdvInjury","FieldName":"CGL Personal & Adv Injury","IsMultiValue":false,"Type":"Text","DeriveFieldsFormat":"","Components":[],"SetValues":[],"Metadata":[{"Key":"Color","Value":"#8b4452"},{"Key":"Hotkey","Value":"#"}],"RuleSet":null,"DefaultValue":"","DataSource":null},{"FieldId":"ses.coi.acord25.CGLDamagetoRentPremises","FieldName":"CGL Damage to Rent Premises","IsMultiValue":false,"Type":"Text","DeriveFieldsFormat":"","Components":[],"SetValues":[],"Metadata":[{"Key":"Color","Value":"#73e527"},{"Key":"Hotkey","Value":"e"}],"RuleSet":null,"DefaultValue":"","DataSource":null},{"FieldId":"ses.coi.acord25.CGLinsurerletter","FieldName":"CGL insurer letter","IsMultiValue":false,"Type":"Text","DeriveFieldsFormat":"","Components":[],"SetValues":[],"Metadata":[{"Key":"Color","Value":"#909cd7"},{"Key":"Hotkey","Value":"4"}],"RuleSet":null,"DefaultValue":"","DataSource":null},{"FieldId":"ses.coi.acord25.CGLProductsCOMPOPAGG","FieldName":"CGL Products COMP/OP AGG","IsMultiValue":false,"Type":"Text","DeriveFieldsFormat":"","Components":[],"SetValues":[],"Metadata":[{"Key":"Color","Value":"#af9e60"},{"Key":"Hotkey","Value":"%"}],"RuleSet":null,"DefaultValue":"","DataSource":null},{"FieldId":"ses.coi.acord25.CGLADDLINSD","FieldName":"CGL ADDL INSD","IsMultiValue":false,"Type":"Text","DeriveFieldsFormat":"","Components":[],"SetValues":[],"Metadata":[{"Key":"Color","Value":"#bf8650"}],"RuleSet":null,"DefaultValue":"","DataSource":null},{"FieldId":"ses.coi.acord25.CGLGeneralAggregate","FieldName":"CGL General Aggregate","IsMultiValue":false,"Type":"Text","DeriveFieldsFormat":"","Components":[],"SetValues":[],"Metadata":[{"Key":"Color","Value":"#c55ac7"},{"Key":"Hotkey","Value":"$"}],"RuleSet":null,"DefaultValue":"","DataSource":null},{"FieldId":"ses.coi.acord25.Gen'lAggregateLimitAppliesperProject","FieldName":"Gen'l Aggregate Limit Applies per Project","IsMultiValue":false,"Type":"Text","DeriveFieldsFormat":"","Components":[],"SetValues":[],"Metadata":[{"Key":"RequiresReference","Value":"False"},{"Key":"Color","Value":"#6aceeb"}],"RuleSet":null,"DefaultValue":"","DataSource":null},{"FieldId":"ses.coi.acord25.Gen'lAggregateLimitAppliesperPolicy","FieldName":"Gen'l Aggregate Limit Applies per Policy","IsMultiValue":false,"Type":"Text","DeriveFieldsFormat":"","Components":[],"SetValues":[],"Metadata":[{"Key":"RequiresReference","Value":"False"},{"Key":"Color","Value":"#38cab0"}],"RuleSet":null,"DefaultValue":"","DataSource":null},{"FieldId":"ses.coi.acord25.AutoLiabilityinsurerletter","FieldName":"Auto Liability insurer letter","IsMultiValue":false,"Type":"Text","DeriveFieldsFormat":"","Components":[],"SetValues":[],"Metadata":[{"Key":"Color","Value":"#958897"},{"Key":"Hotkey","Value":"5"}],"RuleSet":null,"DefaultValue":"","DataSource":null},{"FieldId":"ses.coi.acord25.AutoLiabilitypolicynumber","FieldName":"Auto Liability policy number","IsMultiValue":false,"Type":"Text","DeriveFieldsFormat":"","Components":[],"SetValues":[],"Metadata":[{"Key":"Color","Value":"#2e6bff"},{"Key":"Hotkey","Value":"w"}],"RuleSet":null,"DefaultValue":"","DataSource":null},{"FieldId":"ses.coi.acord25.AutoLiabilitypolicyeffective","FieldName":"Auto Liability policy effective","IsMultiValue":false,"Type":"Date","DeriveFieldsFormat":"","Components":[],"SetValues":[],"Metadata":[{"Key":"Color","Value":"#6577a3"},{"Key":"Hotkey","Value":"j"}],"RuleSet":null,"DefaultValue":"","DataSource":null},{"FieldId":"ses.coi.acord25.AutoLiabilitypolicyexpiry","FieldName":"Auto Liability policy expiry","IsMultiValue":false,"Type":"Date","DeriveFieldsFormat":"","Components":[],"SetValues":[],"Metadata":[{"Key":"Color","Value":"#7c9dc5"},{"Key":"Hotkey","Value":"1"}],"RuleSet":null,"DefaultValue":"","DataSource":null},{"FieldId":"ses.coi.acord25.AutoCombinedSingleLimit","FieldName":"Auto Combined Single Limit","IsMultiValue":false,"Type":"Text","DeriveFieldsFormat":"","Components":[],"SetValues":[],"Metadata":[{"Key":"Color","Value":"#628f50"},{"Key":"Hotkey","Value":"*"}],"RuleSet":null,"DefaultValue":"","DataSource":null},{"FieldId":"ses.coi.acord25.AutoLiabilityScheduledAutos","FieldName":"Auto Liability Scheduled Autos","IsMultiValue":false,"Type":"Text","DeriveFieldsFormat":"","Components":[],"SetValues":[],"Metadata":[{"Key":"Color","Value":"#9167f0"}],"RuleSet":null,"DefaultValue":"","DataSource":null},{"FieldId":"ses.coi.acord25.AutoLiabilityHiredAutos","FieldName":"Auto Liability Hired Autos","IsMultiValue":false,"Type":"Text","DeriveFieldsFormat":"","Components":[],"SetValues":[],"Metadata":[{"Key":"Color","Value":"#6bb2f7"}],"RuleSet":null,"DefaultValue":"","DataSource":null},{"FieldId":"ses.coi.acord25.UEpolicyexpiry","FieldName":"U/E policy expiry","IsMultiValue":false,"Type":"Date","DeriveFieldsFormat":"","Components":[],"SetValues":[],"Metadata":[{"Key":"Color","Value":"#a45ac8"},{"Key":"Hotkey","Value":"2"}],"RuleSet":null,"DefaultValue":"","DataSource":null},{"FieldId":"ses.coi.acord25.UEpolicynumber","FieldName":"U/E policy number","IsMultiValue":false,"Type":"Text","DeriveFieldsFormat":"","Components":[],"SetValues":[],"Metadata":[{"Key":"Color","Value":"#ada362"},{"Key":"Hotkey","Value":"h"}],"RuleSet":null,"DefaultValue":"","DataSource":null},{"FieldId":"ses.coi.acord25.UEinsurerletter","FieldName":"U/E insurer letter","IsMultiValue":false,"Type":"Text","DeriveFieldsFormat":"","Components":[],"SetValues":[],"Metadata":[{"Key":"Color","Value":"#ea57a4"},{"Key":"Hotkey","Value":"6"}],"RuleSet":null,"DefaultValue":"","DataSource":null},{"FieldId":"ses.coi.acord25.UEpolicyeffective","FieldName":"U/E policy effective","IsMultiValue":false,"Type":"Date","DeriveFieldsFormat":"","Components":[],"SetValues":[],"Metadata":[{"Key":"Color","Value":"#35c0b1"},{"Key":"Hotkey","Value":"k"}],"RuleSet":null,"DefaultValue":"","DataSource":null},{"FieldId":"ses.coi.acord25.UEEachOccurence","FieldName":"UE Each Occurence","IsMultiValue":false,"Type":"Text","DeriveFieldsFormat":"","Components":[],"SetValues":[],"Metadata":[{"Key":"Color","Value":"#b490d7"},{"Key":"Hotkey","Value":"{"}],"RuleSet":null,"DefaultValue":"","DataSource":null},{"FieldId":"ses.coi.acord25.UEAggregate","FieldName":"UE Aggregate","IsMultiValue":false,"Type":"Text","DeriveFieldsFormat":"","Components":[],"SetValues":[],"Metadata":[{"Key":"Color","Value":"#1caf57"},{"Key":"Hotkey","Value":"}"}],"RuleSet":null,"DefaultValue":"","DataSource":null},{"FieldId":"ses.coi.acord25.UEOccur","FieldName":"UE Occur","IsMultiValue":false,"Type":"Text","DeriveFieldsFormat":"","Components":[],"SetValues":[],"Metadata":[{"Key":"Color","Value":"#952b15"}],"RuleSet":null,"DefaultValue":"","DataSource":null},{"FieldId":"ses.coi.acord25.UERetention","FieldName":"UE Retention","IsMultiValue":false,"Type":"Text","DeriveFieldsFormat":"","Components":[],"SetValues":[],"Metadata":[{"Key":"Color","Value":"#aebb52"}],"RuleSet":null,"DefaultValue":"","DataSource":null},{"FieldId":"ses.coi.acord25.WCELinsurerletter","FieldName":"WC EL insurer letter","IsMultiValue":false,"Type":"Text","DeriveFieldsFormat":"","Components":[],"SetValues":[],"Metadata":[{"Key":"Color","Value":"#7ba795"},{"Key":"Hotkey","Value":"7"}],"RuleSet":null,"DefaultValue":"","DataSource":null},{"FieldId":"ses.coi.acord25.WC&ELpolicynumber","FieldName":"W.C. & E.L. policy number","IsMultiValue":false,"Type":"Number","DeriveFieldsFormat":"","Components":[],"SetValues":[],"Metadata":[{"Key":"Color","Value":"#90a027"},{"Key":"Hotkey","Value":"&"}],"RuleSet":null,"DefaultValue":"","DataSource":null},{"FieldId":"ses.coi.acord25.WCELpolicyexpiry","FieldName":"W.C E.L policy expiry","IsMultiValue":false,"Type":"Date","DeriveFieldsFormat":"","Components":[],"SetValues":[],"Metadata":[{"Key":"Color","Value":"#87c7cd"},{"Key":"Hotkey","Value":"3"}],"RuleSet":null,"DefaultValue":"","DataSource":null},{"FieldId":"ses.coi.acord25.WC&ELpolicyeffective","FieldName":"W.C & E.L policy effective","IsMultiValue":false,"Type":"Date","DeriveFieldsFormat":"","Components":[],"SetValues":[],"Metadata":[{"Key":"Color","Value":"#77d0d9"},{"Key":"Hotkey","Value":"z"}],"RuleSet":null,"DefaultValue":"","DataSource":null},{"FieldId":"ses.coi.acord25.UmbrellaLiability","FieldName":"Umbrella Liability","IsMultiValue":false,"Type":"Text","DeriveFieldsFormat":"","Components":[],"SetValues":[],"Metadata":[{"Key":"Color","Value":"#ec8672"}],"RuleSet":null,"DefaultValue":"","DataSource":null},{"FieldId":"ses.coi.acord25.WCELEachAccident","FieldName":"WC EL Each Accident","IsMultiValue":false,"Type":"Text","DeriveFieldsFormat":"","Components":[],"SetValues":[],"Metadata":[{"Key":"Color","Value":"#9b328d"},{"Key":"Hotkey","Value":">"}],"RuleSet":null,"DefaultValue":"","DataSource":null},{"FieldId":"ses.coi.acord25.WCELDiseaseEAEmployee","FieldName":"WC EL Disease EA Employee","IsMultiValue":false,"Type":"Text","DeriveFieldsFormat":"","Components":[],"SetValues":[],"Metadata":[{"Key":"Color","Value":"#7570e6"}],"RuleSet":null,"DefaultValue":"","DataSource":null},{"FieldId":"ses.coi.acord25.WCELDiseasePolicyLimit","FieldName":"WC EL Disease Policy Limit","IsMultiValue":false,"Type":"Text","DeriveFieldsFormat":"","Components":[],"SetValues":[],"Metadata":[{"Key":"Color","Value":"#ce5ac0"}],"RuleSet":null,"DefaultValue":"","DataSource":null},{"FieldId":"ses.coi.acord25.WCELAnyExcluded","FieldName":"WC EL Any Excluded","IsMultiValue":false,"Type":"Text","DeriveFieldsFormat":"","Components":[],"SetValues":[],"Metadata":[{"Key":"Color","Value":"#92aedb"}],"RuleSet":null,"DefaultValue":"","DataSource":null},{"FieldId":"ses.coi.acord25.descriptionofoperations","FieldName":"description of operations","IsMultiValue":false,"Type":"Text","DeriveFieldsFormat":"","Components":[],"SetValues":[],"Metadata":[{"Key":"Color","Value":"#e472ce"},{"Key":"Hotkey","Value":"8"}],"RuleSet":null,"DefaultValue":"","DataSource":null},{"FieldId":"ses.coi.acord25.CertificateNumber","FieldName":"Certificate Number","IsMultiValue":false,"Type":"Number","DeriveFieldsFormat":"","Components":[],"SetValues":[],"Metadata":[{"Key":"Color","Value":"#a8bd99"}],"RuleSet":null,"DefaultValue":"","DataSource":null},{"FieldId":"ses.coi.acord25.certificateholdername","FieldName":"certificate holder name","IsMultiValue":false,"Type":"Text","DeriveFieldsFormat":"","Components":[],"SetValues":[],"Metadata":[{"Key":"Color","Value":"#1cc8e7"},{"Key":"Hotkey","Value":"9"}],"RuleSet":null,"DefaultValue":"","DataSource":null},{"FieldId":"ses.coi.acord25.certificateholderaddress","FieldName":"certificate holder address","IsMultiValue":false,"Type":"Address","DeriveFieldsFormat":"","Components":[],"SetValues":[],"Metadata":[{"Key":"Color","Value":"#4eb56e"},{"Key":"Hotkey","Value":"@"}],"RuleSet":null,"DefaultValue":"","DataSource":null},{"FieldId":"ses.coi.acord25.othercoverages","FieldName":"other coverages","IsMultiValue":false,"Type":"Table","DeriveFieldsFormat":"","Components":[{"FieldId":"ses.coi.acord25.othercoverages.insurername","FieldName":"Insurer","IsMultiValue":false,"Type":"Text","DeriveFieldsFormat":"","Components":[],"SetValues":[],"Metadata":[],"RuleSet":null,"DefaultValue":"","DataSource":null},{"FieldId":"ses.coi.acord25.othercoverages.INSRLTR","FieldName":"INSR LTR","IsMultiValue":false,"Type":"Text","DeriveFieldsFormat":"","Components":[],"SetValues":[],"Metadata":[],"RuleSet":null,"DefaultValue":"","DataSource":null},{"FieldId":"ses.coi.acord25.othercoverages.TypeofInsurance","FieldName":"Type of Insurance","IsMultiValue":false,"Type":"Text","DeriveFieldsFormat":"","Components":[],"SetValues":[],"Metadata":[],"RuleSet":null,"DefaultValue":"","DataSource":null},{"FieldId":"ses.coi.acord25.othercoverages.PolicyNumber","FieldName":"Policy Number","IsMultiValue":false,"Type":"Text","DeriveFieldsFormat":"","Components":[],"SetValues":[],"Metadata":[],"RuleSet":null,"DefaultValue":"","DataSource":null},{"FieldId":"ses.coi.acord25.othercoverages.PolicyEffective","FieldName":"Policy Effective","IsMultiValue":false,"Type":"Date","DeriveFieldsFormat":"","Components":[],"SetValues":[],"Metadata":[],"RuleSet":null,"DefaultValue":"","DataSource":null},{"FieldId":"ses.coi.acord25.othercoverages.PolicyExpiry","FieldName":"Policy Expiry","IsMultiValue":false,"Type":"Date","DeriveFieldsFormat":"","Components":[],"SetValues":[],"Metadata":[],"RuleSet":null,"DefaultValue":"","DataSource":null},{"FieldId":"ses.coi.acord25.othercoverages.LimitsName","FieldName":"Limits Name","IsMultiValue":false,"Type":"Text","DeriveFieldsFormat":"","Components":[],"SetValues":[],"Metadata":[],"RuleSet":null,"DefaultValue":"","DataSource":null},{"FieldId":"ses.coi.acord25.othercoverages.LimitsAmount","FieldName":"Limits Amount","IsMultiValue":false,"Type":"Text","DeriveFieldsFormat":"","Components":[],"SetValues":[],"Metadata":[],"RuleSet":null,"DefaultValue":"","DataSource":null}],"SetValues":[],"Metadata":[{"Key":"Color","Value":"#e555f4"}],"RuleSet":null,"DefaultValue":"","DataSource":null}]}],"Groups":[{"Name":"ses","Categories":["coi"]}],"SupportedLanguages":[{"Name":"Undetermined Language","Code":"und"},{"Name":"Bulgarian","Code":"bul"},{"Name":"Cantonese","Code":"yue"},{"Name":"Danish","Code":"dan"},{"Name":"Dutch","Code":"nld"},{"Name":"English","Code":"eng"},{"Name":"French","Code":"fra"},{"Name":"Georgian","Code":"kat"},{"Name":"German","Code":"deu"},{"Name":"Greek","Code":"ell"},{"Name":"Hebrew","Code":"heb"},{"Name":"Hindi","Code":"hin"},{"Name":"Italian","Code":"ita"},{"Name":"Japanese","Code":"jpn"},{"Name":"Korean","Code":"kor"},{"Name":"Macedonian","Code":"mkd"},{"Name":"Mandarin","Code":"zho"},{"Name":"Marathi","Code":"mar"},{"Name":"Norwegian","Code":"nor"},{"Name":"Polish","Code":"pol"},{"Name":"Portuguese","Code":"por"},{"Name":"Romanian","Code":"ron"},{"Name":"Russian","Code":"rus"},{"Name":"Serbian","Code":"srp"},{"Name":"Spanish","Code":"spa"},{"Name":"Swedish","Code":"swe"},{"Name":"Telugu","Code":"tel"},{"Name":"Turkish","Code":"tur"}]}