{"DataContractVersion":"1.1","DocumentTypes":[{"Connections":[],"DocumentTypeId":"ses.coi.acord25","Group":"ses","Category":"coi","Name":"acord25","OptionalUniqueIdentifier":"","TypeField":{"FieldId":"ses.coi.acord25.DocumentType","FieldName":"Document Type"},"Fields":[{"FieldId":"ses.coi.acord25.producername","FieldName":"producer name","IsMultiValue":false,"Type":"Text","DeriveFieldsFormat":"","Components":[],"SetValues":[],"Metadata":[{"Key":"Color","Value":"#038a18"},{"Key":"Hotkey","Value":"r"}],"RuleSet":null,"DefaultValue":"","DataSource":null},{"FieldId":"ses.coi.acord25.contactname","FieldName":"contact name","IsMultiValue":false,"Type":"Name","DeriveFieldsFormat":"","Components":[],"SetValues":[],"Metadata":[{"Key":"Color","Value":"#2ee0e9"},{"Key":"Hotkey","Value":"q"}],"RuleSet":null,"DefaultValue":"","DataSource":null},{"FieldId":"ses.coi.acord25.contactphone","FieldName":"contact phone","IsMultiValue":false,"Type":"Number","DeriveFieldsFormat":"","Components":[],"SetValues":[],"Metadata":[{"Key":"Color","Value":"#8a97a0"},{"Key":"Hotkey","Value":"c"}],"RuleSet":null,"DefaultValue":"","DataSource":null},{"FieldId":"ses.coi.acord25.contactemail","FieldName":"contact email","IsMultiValue":false,"Type":"Text","DeriveFieldsFormat":"","Components":[],"SetValues":[],"Metadata":[{"Key":"Color","Value":"#661595"},{"Key":"Hotkey","Value":"a"}],"RuleSet":null,"DefaultValue":"","DataSource":null},{"FieldId":"ses.coi.acord25.documentdate","FieldName":"document date","IsMultiValue":false,"Type":"Date","DeriveFieldsFormat":"","Components":[],"SetValues":[],"Metadata":[{"Key":"Color","Value":"#e422cf"},{"Key":"Hotkey","Value":"m"}],"RuleSet":null,"DefaultValue":"","DataSource":null},{"FieldId":"ses.coi.acord25.Insured","FieldName":"Insured","IsMultiValue":false,"Type":"Text","DeriveFieldsFormat":"","Components":[],"SetValues":[],"Metadata":[{"Key":"Color","Value":"#f70092"},{"Key":"Hotkey","Value":"["}],"RuleSet":null,"DefaultValue":"","DataSource":null},{"FieldId":"ses.coi.acord25.CommercialGeneralLiability","FieldName":"Commercial General Liability","IsMultiValue":false,"Type":"Boolean","DeriveFieldsFormat":"","Components":[],"SetValues":[],"Metadata":[{"Key":"RequiresReference","Value":"False"},{"Key":"Color","Value":"#bc8477"},{"Key":"Hotkey","Value":"^"}],"RuleSet":null,"DefaultValue":"","DataSource":null},{"FieldId":"ses.coi.acord25.CGLClaimsmade","FieldName":"CGL Claims made","IsMultiValue":false,"Type":"Boolean","DeriveFieldsFormat":"","Components":[],"SetValues":[],"Metadata":[{"Key":"RequiresReference","Value":"False"},{"Key":"Color","Value":"#6377e2"},{"Key":"Hotkey","Value":"("}],"RuleSet":null,"DefaultValue":"","DataSource":null},{"FieldId":"ses.coi.acord25.CGLOccur","FieldName":"CGL Occur","IsMultiValue":false,"Type":"Boolean","DeriveFieldsFormat":"","Components":[],"SetValues":[],"Metadata":[{"Key":"RequiresReference","Value":"False"},{"Key":"Color","Value":"#eb2eff"},{"Key":"Hotkey","Value":")"}],"RuleSet":null,"DefaultValue":"","DataSource":null},{"FieldId":"ses.coi.acord25.CGLpolicynumber","FieldName":"CGL policy number","IsMultiValue":false,"Type":"Text","DeriveFieldsFormat":"","Components":[],"SetValues":[],"Metadata":[{"Key":"Color","Value":"#b34692"},{"Key":"Hotkey","Value":"g"}],"RuleSet":null,"DefaultValue":"","DataSource":null},{"FieldId":"ses.coi.acord25.CGLpolicyeffective","FieldName":"CGL policy effective","IsMultiValue":false,"Type":"Date","DeriveFieldsFormat":"","Components":[],"SetValues":[],"Metadata":[{"Key":"Color","Value":"#afe042"},{"Key":"Hotkey","Value":"v"}],"RuleSet":null,"DefaultValue":"","DataSource":null},{"FieldId":"ses.coi.acord25.CGLpolicyexpiry","FieldName":"CGL policy expiry","IsMultiValue":false,"Type":"Date","DeriveFieldsFormat":"","Components":[],"SetValues":[],"Metadata":[{"Key":"Color","Value":"#7eada7"},{"Key":"Hotkey","Value":"x"}],"RuleSet":null,"DefaultValue":"","DataSource":null},{"FieldId":"ses.coi.acord25.CGLEachOccurrence","FieldName":"CGL Each Occurrence","IsMultiValue":false,"Type":"Text","DeriveFieldsFormat":"","Components":[],"SetValues":[],"Metadata":[{"Key":"Color","Value":"#d1e142"},{"Key":"Hotkey","Value":"l"}],"RuleSet":null,"DefaultValue":"","DataSource":null},{"FieldId":"ses.coi.acord25.CGLMedExp","FieldName":"CGL Med Exp","IsMultiValue":false,"Type":"Text","DeriveFieldsFormat":"","Components":[],"SetValues":[],"Metadata":[{"Key":"Color","Value":"#4cafec"},{"Key":"Hotkey","Value":"y"}],"RuleSet":null,"DefaultValue":"","DataSource":null},{"FieldId":"ses.coi.acord25.CGLPersonal&AdvInjury","FieldName":"CGL Personal & Adv Injury","IsMultiValue":false,"Type":"Text","DeriveFieldsFormat":"","Components":[],"SetValues":[],"Metadata":[{"Key":"Color","Value":"#8b4452"},{"Key":"Hotkey","Value":"#"}],"RuleSet":null,"DefaultValue":"","DataSource":null},{"FieldId":"ses.coi.acord25.CGLDamagetoRentPremises","FieldName":"CGL Damage to Rent Premises","IsMultiValue":false,"Type":"Text","DeriveFieldsFormat":"","Components":[],"SetValues":[],"Metadata":[{"Key":"Color","Value":"#73e527"},{"Key":"Hotkey","Value":"e"}],"RuleSet":null,"DefaultValue":"","DataSource":null},{"FieldId":"ses.coi.acord25.CGLinsurerletter","FieldName":"CGL insurer letter","IsMultiValue":false,"Type":"Text","DeriveFieldsFormat":"","Components":[],"SetValues":[],"Metadata":[{"Key":"Color","Value":"#909cd7"},{"Key":"Hotkey","Value":"4"}],"RuleSet":null,"DefaultValue":"","DataSource":null},{"FieldId":"ses.coi.acord25.CGLProductsCOMPOPAGG","FieldName":"CGL Products COMP/OP AGG","IsMultiValue":false,"Type":"Text","DeriveFieldsFormat":"","Components":[],"SetValues":[],"Metadata":[{"Key":"Color","Value":"#af9e60"},{"Key":"Hotkey","Value":"%"}],"RuleSet":null,"DefaultValue":"","DataSource":null},{"FieldId":"ses.coi.acord25.CGLADDLINSD","FieldName":"CGL ADDL INSD","IsMultiValue":false,"Type":"Text","DeriveFieldsFormat":"","Components":[],"SetValues":[],"Metadata":[{"Key":"Color","Value":"#bf8650"}],"RuleSet":null,"DefaultValue":"","DataSource":null},{"FieldId":"ses.coi.acord25.CGLGeneralAggregate","FieldName":"CGL General Aggregate","IsMultiValue":false,"Type":"Text","DeriveFieldsFormat":"","Components":[],"SetValues":[],"Metadata":[{"Key":"Color","Value":"#c55ac7"},{"Key":"Hotkey","Value":"$"}],"RuleSet":null,"DefaultValue":"","DataSource":null},{"FieldId":"ses.coi.acord25.Gen'lAggregateLimitAppliesperProject","FieldName":"Gen'l Aggregate Limit Applies per Project","IsMultiValue":false,"Type":"Text","DeriveFieldsFormat":"","Components":[],"SetValues":[],"Metadata":[{"Key":"RequiresReference","Value":"False"},{"Key":"Color","Value":"#6aceeb"}],"RuleSet":null,"DefaultValue":"","DataSource":null},{"FieldId":"ses.coi.acord25.Gen'lAggregateLimitAppliesperPolicy","FieldName":"Gen'l Aggregate Limit Applies per Policy","IsMultiValue":false,"Type":"Text","DeriveFieldsFormat":"","Components":[],"SetValues":[],"Metadata":[{"Key":"RequiresReference","Value":"False"},{"Key":"Color","Value":"#38cab0"}],"RuleSet":null,"DefaultValue":"","DataSource":null},{"FieldId":"ses.coi.acord25.AutoLiabilityinsurerletter","FieldName":"Auto Liability insurer letter","IsMultiValue":false,"Type":"Text","DeriveFieldsFormat":"","Components":[],"SetValues":[],"Metadata":[{"Key":"Color","Value":"#958897"},{"Key":"Hotkey","Value":"5"}],"RuleSet":null,"DefaultValue":"","DataSource":null},{"FieldId":"ses.coi.acord25.AutoLiabilitypolicynumber","FieldName":"Auto Liability policy number","IsMultiValue":false,"Type":"Text","DeriveFieldsFormat":"","Components":[],"SetValues":[],"Metadata":[{"Key":"Color","Value":"#2e6bff"},{"Key":"Hotkey","Value":"w"}],"RuleSet":null,"DefaultValue":"","DataSource":null},{"FieldId":"ses.coi.acord25.AutoLiabilitypolicyeffective","FieldName":"Auto Liability policy effective","IsMultiValue":false,"Type":"Date","DeriveFieldsFormat":"","Components":[],"SetValues":[],"Metadata":[{"Key":"Color","Value":"#6577a3"},{"Key":"Hotkey","Value":"j"}],"RuleSet":null,"DefaultValue":"","DataSource":null},{"FieldId":"ses.coi.acord25.AutoLiabilitypolicyexpiry","FieldName":"Auto Liability policy expiry","IsMultiValue":false,"Type":"Date","DeriveFieldsFormat":"","Components":[],"SetValues":[],"Metadata":[{"Key":"Color","Value":"#7c9dc5"},{"Key":"Hotkey","Value":"1"}],"RuleSet":null,"DefaultValue":"","DataSource":null},{"FieldId":"ses.coi.acord25.AutoCombinedSingleLimit","FieldName":"Auto Combined Single Limit","IsMultiValue":false,"Type":"Text","DeriveFieldsFormat":"","Components":[],"SetValues":[],"Metadata":[{"Key":"Color","Value":"#628f50"},{"Key":"Hotkey","Value":"*"}],"RuleSet":null,"DefaultValue":"","DataSource":null},{"FieldId":"ses.coi.acord25.AutoLiabilityScheduledAutos","FieldName":"Auto Liability Scheduled Autos","IsMultiValue":false,"Type":"Text","DeriveFieldsFormat":"","Components":[],"SetValues":[],"Metadata":[{"Key":"Color","Value":"#9167f0"}],"RuleSet":null,"DefaultValue":"","DataSource":null},{"FieldId":"ses.coi.acord25.AutoLiabilityHiredAutos","FieldName":"Auto Liability Hired Autos","IsMultiValue":false,"Type":"Text","DeriveFieldsFormat":"","Components":[],"SetValues":[],"Metadata":[{"Key":"Color","Value":"#6bb2f7"}],"RuleSet":null,"DefaultValue":"","DataSource":null},{"FieldId":"ses.coi.acord25.UEpolicyexpiry","FieldName":"U/E policy expiry","IsMultiValue":false,"Type":"Date","DeriveFieldsFormat":"","Components":[],"SetValues":[],"Metadata":[{"Key":"Color","Value":"#a45ac8"},{"Key":"Hotkey","Value":"2"}],"RuleSet":null,"DefaultValue":"","DataSource":null},{"FieldId":"ses.coi.acord25.UEpolicynumber","FieldName":"U/E policy number","IsMultiValue":false,"Type":"Text","DeriveFieldsFormat":"","Components":[],"SetValues":[],"Metadata":[{"Key":"Color","Value":"#ada362"},{"Key":"Hotkey","Value":"h"}],"RuleSet":null,"DefaultValue":"","DataSource":null},{"FieldId":"ses.coi.acord25.UEinsurerletter","FieldName":"U/E insurer letter","IsMultiValue":false,"Type":"Text","DeriveFieldsFormat":"","Components":[],"SetValues":[],"Metadata":[{"Key":"Color","Value":"#ea57a4"},{"Key":"Hotkey","Value":"6"}],"RuleSet":null,"DefaultValue":"","DataSource":null},{"FieldId":"ses.coi.acord25.UEpolicyeffective","FieldName":"U/E policy effective","IsMultiValue":false,"Type":"Date","DeriveFieldsFormat":"","Components":[],"SetValues":[],"Metadata":[{"Key":"Color","Value":"#35c0b1"},{"Key":"Hotkey","Value":"k"}],"RuleSet":null,"DefaultValue":"","DataSource":null},{"FieldId":"ses.coi.acord25.UEEachOccurence","FieldName":"UE Each Occurence","IsMultiValue":false,"Type":"Text","DeriveFieldsFormat":"","Components":[],"SetValues":[],"Metadata":[{"Key":"Color","Value":"#b490d7"},{"Key":"Hotkey","Value":"{"}],"RuleSet":null,"DefaultValue":"","DataSource":null},{"FieldId":"ses.coi.acord25.UEAggregate","FieldName":"UE Aggregate","IsMultiValue":false,"Type":"Text","DeriveFieldsFormat":"","Components":[],"SetValues":[],"Metadata":[{"Key":"Color","Value":"#1caf57"},{"Key":"Hotkey","Value":"}"}],"RuleSet":null,"DefaultValue":"","DataSource":null},{"FieldId":"ses.coi.acord25.UEOccur","FieldName":"UE Occur","IsMultiValue":false,"Type":"Text","DeriveFieldsFormat":"","Components":[],"SetValues":[],"Metadata":[{"Key":"Color","Value":"#952b15"}],"RuleSet":null,"DefaultValue":"","DataSource":null},{"FieldId":"ses.coi.acord25.UERetention","FieldName":"UE Retention","IsMultiValue":false,"Type":"Text","DeriveFieldsFormat":"","Components":[],"SetValues":[],"Metadata":[{"Key":"Color","Value":"#aebb52"}],"RuleSet":null,"DefaultValue":"","DataSource":null},{"FieldId":"ses.coi.acord25.WCELinsurerletter","FieldName":"WC EL insurer letter","IsMultiValue":false,"Type":"Text","DeriveFieldsFormat":"","Components":[],"SetValues":[],"Metadata":[{"Key":"Color","Value":"#7ba795"},{"Key":"Hotkey","Value":"7"}],"RuleSet":null,"DefaultValue":"","DataSource":null},{"FieldId":"ses.coi.acord25.WC&ELpolicynumber","FieldName":"W.C. & E.L. policy number","IsMultiValue":false,"Type":"Number","DeriveFieldsFormat":"","Components":[],"SetValues":[],"Metadata":[{"Key":"Color","Value":"#90a027"},{"Key":"Hotkey","Value":"&"}],"RuleSet":null,"DefaultValue":"","DataSource":null},{"FieldId":"ses.coi.acord25.WCELpolicyexpiry","FieldName":"W.C E.L policy expiry","IsMultiValue":false,"Type":"Date","DeriveFieldsFormat":"","Components":[],"SetValues":[],"Metadata":[{"Key":"Color","Value":"#87c7cd"},{"Key":"Hotkey","Value":"3"}],"RuleSet":null,"DefaultValue":"","DataSource":null},{"FieldId":"ses.coi.acord25.WC&ELpolicyeffective","FieldName":"W.C & E.L policy effective","IsMultiValue":false,"Type":"Date","DeriveFieldsFormat":"","Components":[],"SetValues":[],"Metadata":[{"Key":"Color","Value":"#77d0d9"},{"Key":"Hotkey","Value":"z"}],"RuleSet":null,"DefaultValue":"","DataSource":null},{"FieldId":"ses.coi.acord25.UmbrellaLiability","FieldName":"Umbrella Liability","IsMultiValue":false,"Type":"Text","DeriveFieldsFormat":"","Components":[],"SetValues":[],"Metadata":[{"Key":"Color","Value":"#ec8672"}],"RuleSet":null,"DefaultValue":"","DataSource":null},{"FieldId":"ses.coi.acord25.WCELEachAccident","FieldName":"WC EL Each Accident","IsMultiValue":false,"Type":"Text","DeriveFieldsFormat":"","Components":[],"SetValues":[],"Metadata":[{"Key":"Color","Value":"#9b328d"},{"Key":"Hotkey","Value":">"}],"RuleSet":null,"DefaultValue":"","DataSource":null},{"FieldId":"ses.coi.acord25.WCELDiseaseEAEmployee","FieldName":"WC EL Disease EA Employee","IsMultiValue":false,"Type":"Text","DeriveFieldsFormat":"","Components":[],"SetValues":[],"Metadata":[{"Key":"Color","Value":"#7570e6"}],"RuleSet":null,"DefaultValue":"","DataSource":null},{"FieldId":"ses.coi.acord25.WCELDiseasePolicyLimit","FieldName":"WC EL Disease Policy Limit","IsMultiValue":false,"Type":"Text","DeriveFieldsFormat":"","Components":[],"SetValues":[],"Metadata":[{"Key":"Color","Value":"#ce5ac0"}],"RuleSet":null,"DefaultValue":"","DataSource":null},{"FieldId":"ses.coi.acord25.WCELAnyExcluded","FieldName":"WC EL Any Excluded","IsMultiValue":false,"Type":"Text","DeriveFieldsFormat":"","Components":[],"SetValues":[],"Metadata":[{"Key":"Color","Value":"#92aedb"}],"RuleSet":null,"DefaultValue":"","DataSource":null},{"FieldId":"ses.coi.acord25.descriptionofoperations","FieldName":"description of operations","IsMultiValue":false,"Type":"Text","DeriveFieldsFormat":"","Components":[],"SetValues":[],"Metadata":[{"Key":"Color","Value":"#e472ce"},{"Key":"Hotkey","Value":"8"}],"RuleSet":null,"DefaultValue":"","DataSource":null},{"FieldId":"ses.coi.acord25.CertificateNumber","FieldName":"Certificate Number","IsMultiValue":false,"Type":"Number","DeriveFieldsFormat":"","Components":[],"SetValues":[],"Metadata":[{"Key":"Color","Value":"#a8bd99"}],"RuleSet":null,"DefaultValue":"","DataSource":null},{"FieldId":"ses.coi.acord25.certificateholdername","FieldName":"certificate holder name","IsMultiValue":false,"Type":"Text","DeriveFieldsFormat":"","Components":[],"SetValues":[],"Metadata":[{"Key":"Color","Value":"#1cc8e7"},{"Key":"Hotkey","Value":"9"}],"RuleSet":null,"DefaultValue":"","DataSource":null},{"FieldId":"ses.coi.acord25.certificateholderaddress","FieldName":"certificate holder address","IsMultiValue":false,"Type":"Address","DeriveFieldsFormat":"","Components":[],"SetValues":[],"Metadata":[{"Key":"Color","Value":"#4eb56e"},{"Key":"Hotkey","Value":"@"}],"RuleSet":null,"DefaultValue":"","DataSource":null},{"FieldId":"ses.coi.acord25.othercoverages","FieldName":"other coverages","IsMultiValue":false,"Type":"Table","DeriveFieldsFormat":"","Components":[{"FieldId":"ses.coi.acord25.othercoverages.insurername","FieldName":"Insurer","IsMultiValue":false,"Type":"Text","DeriveFieldsFormat":"","Components":[],"SetValues":[],"Metadata":[],"RuleSet":null,"DefaultValue":"","DataSource":null},{"FieldId":"ses.coi.acord25.othercoverages.INSRLTR","FieldName":"INSR LTR","IsMultiValue":false,"Type":"Text","DeriveFieldsFormat":"","Components":[],"SetValues":[],"Metadata":[],"RuleSet":null,"DefaultValue":"","DataSource":null},{"FieldId":"ses.coi.acord25.othercoverages.TypeofInsurance","FieldName":"Type of Insurance","IsMultiValue":false,"Type":"Text","DeriveFieldsFormat":"","Components":[],"SetValues":[],"Metadata":[],"RuleSet":null,"DefaultValue":"","DataSource":null},{"FieldId":"ses.coi.acord25.othercoverages.PolicyNumber","FieldName":"Policy Number","IsMultiValue":false,"Type":"Text","DeriveFieldsFormat":"","Components":[],"SetValues":[],"Metadata":[],"RuleSet":null,"DefaultValue":"","DataSource":null},{"FieldId":"ses.coi.acord25.othercoverages.PolicyEffective","FieldName":"Policy Effective","IsMultiValue":false,"Type":"Date","DeriveFieldsFormat":"","Components":[],"SetValues":[],"Metadata":[],"RuleSet":null,"DefaultValue":"","DataSource":null},{"FieldId":"ses.coi.acord25.othercoverages.PolicyExpiry","FieldName":"Policy Expiry","IsMultiValue":false,"Type":"Date","DeriveFieldsFormat":"","Components":[],"SetValues":[],"Metadata":[],"RuleSet":null,"DefaultValue":"","DataSource":null},{"FieldId":"ses.coi.acord25.othercoverages.LimitsName","FieldName":"Limits Name","IsMultiValue":false,"Type":"Text","DeriveFieldsFormat":"","Components":[],"SetValues":[],"Metadata":[],"RuleSet":null,"DefaultValue":"","DataSource":null},{"FieldId":"ses.coi.acord25.othercoverages.LimitsAmount","FieldName":"Limits Amount","IsMultiValue":false,"Type":"Text","DeriveFieldsFormat":"","Components":[],"SetValues":[],"Metadata":[],"RuleSet":null,"DefaultValue":"","DataSource":null}],"SetValues":[],"Metadata":[{"Key":"Color","Value":"#e555f4"}],"RuleSet":null,"DefaultValue":"","DataSource":null}]},{"Connections":[],"DocumentTypeId":"ses.coi.acord23","Group":"ses","Category":"coi","Name":"acord23","OptionalUniqueIdentifier":"","TypeField":{"FieldId":"ses.coi.acord23.DocumentType","FieldName":"Document Type"},"Fields":[{"FieldId":"ses.coi.acord23.DocumentDate","FieldName":"Document Date","IsMultiValue":false,"Type":"Date","DeriveFieldsFormat":"","Components":[],"SetValues":[],"Metadata":[{"Key":"Color","Value":"#038a18"},{"Key":"Hotkey","Value":"c"}],"RuleSet":null,"DefaultValue":"","DataSource":null},{"FieldId":"ses.coi.acord23.AgencyName","FieldName":"Agency Name","IsMultiValue":false,"Type":"Text","DeriveFieldsFormat":"","Components":[],"SetValues":[],"Metadata":[{"Key":"Color","Value":"#fa6616"},{"Key":"Hotkey","Value":"a"}],"RuleSet":null,"DefaultValue":"","DataSource":null},{"FieldId":"ses.coi.acord23.AgencyPhone","FieldName":"Agency Phone","IsMultiValue":false,"Type":"Text","DeriveFieldsFormat":"","Components":[],"SetValues":[],"Metadata":[{"Key":"Color","Value":"#8a97a0"},{"Key":"Hotkey","Value":"g"}],"RuleSet":null,"DefaultValue":"","DataSource":null},{"FieldId":"ses.coi.acord23.AgentEmailAddress","FieldName":"Agent Email Address","IsMultiValue":false,"Type":"Text","DeriveFieldsFormat":"","Components":[],"SetValues":[],"Metadata":[{"Key":"Color","Value":"#6eb84a"},{"Key":"Hotkey","Value":"e"}],"RuleSet":null,"DefaultValue":"","DataSource":null},{"FieldId":"ses.coi.acord23.VIN","FieldName":"VIN","IsMultiValue":true,"Type":"Text","DeriveFieldsFormat":"","Components":[],"SetValues":[],"Metadata":[{"Key":"Color","Value":"#e4ad22"},{"Key":"Hotkey","Value":"v"}],"RuleSet":null,"DefaultValue":"","DataSource":null},{"FieldId":"ses.coi.acord23.VehicleLiabilityPolicyNumber","FieldName":"Vehicle Liability Policy Number","IsMultiValue":false,"Type":"Text","DeriveFieldsFormat":"","Components":[],"SetValues":[],"Metadata":[{"Key":"Color","Value":"#5cd483"},{"Key":"Hotkey","Value":"h"}],"RuleSet":null,"DefaultValue":"","DataSource":null},{"FieldId":"ses.coi.acord23.VehicleLiabilityPolicyEffective","FieldName":"Vehicle Liability Policy Effective","IsMultiValue":false,"Type":"Date","DeriveFieldsFormat":"","Components":[],"SetValues":[],"Metadata":[{"Key":"Color","Value":"#a7bd22"},{"Key":"Hotkey","Value":"l"}],"RuleSet":null,"DefaultValue":"","DataSource":null},{"FieldId":"ses.coi.acord23.VehicleLiabilityPolicyExpiry","FieldName":"Vehicle Liability Policy Expiry","IsMultiValue":false,"Type":"Date","DeriveFieldsFormat":"","Components":[],"SetValues":[],"Metadata":[{"Key":"Color","Value":"#d6d360"},{"Key":"Hotkey","Value":"y"}],"RuleSet":null,"DefaultValue":"","DataSource":null},{"FieldId":"ses.coi.acord23.VehicleLiabilityCombinedSingleLimit","FieldName":"Vehicle Liability Combined Single Limit","IsMultiValue":false,"Type":"Text","DeriveFieldsFormat":"","Components":[],"SetValues":[],"Metadata":[{"Key":"Color","Value":"#15e0d2"},{"Key":"Hotkey","Value":"m"}],"RuleSet":null,"DefaultValue":"","DataSource":null},{"FieldId":"ses.coi.acord23.VEHCollisionPolicyEffective","FieldName":"VEH Collision Policy Effective","IsMultiValue":false,"Type":"Date","DeriveFieldsFormat":"","Components":[],"SetValues":[],"Metadata":[{"Key":"Color","Value":"#59938d"},{"Key":"Hotkey","Value":"q"}],"RuleSet":null,"DefaultValue":"","DataSource":null},{"FieldId":"ses.coi.acord23.VEHCollisionPolicyExpiry","FieldName":"VEH Collision Policy Expiry","IsMultiValue":false,"Type":"Date","DeriveFieldsFormat":"","Components":[],"SetValues":[],"Metadata":[{"Key":"Color","Value":"#50655a"},{"Key":"Hotkey","Value":"x"}],"RuleSet":null,"DefaultValue":"","DataSource":null},{"FieldId":"ses.coi.acord23.VEHCollisionLossDED","FieldName":"VEH Collision Loss DED","IsMultiValue":false,"Type":"Text","DeriveFieldsFormat":"","Components":[],"SetValues":[],"Metadata":[{"Key":"Color","Value":"#ad32af"},{"Key":"Hotkey","Value":"w"}],"RuleSet":null,"DefaultValue":"","DataSource":null},{"FieldId":"ses.coi.acord23.VEHCOMPOTCPolicyNumber","FieldName":"VEH COMP/OTC Policy Number","IsMultiValue":false,"Type":"Text","DeriveFieldsFormat":"","Components":[],"SetValues":[],"Metadata":[{"Key":"Color","Value":"#6eb19e"},{"Key":"Hotkey","Value":"r"}],"RuleSet":null,"DefaultValue":"","DataSource":null},{"FieldId":"ses.coi.acord23.VEHCOMPOTCPolicyEffective","FieldName":"VEH COMP/OTC Policy Effective","IsMultiValue":false,"Type":"Date","DeriveFieldsFormat":"","Components":[],"SetValues":[],"Metadata":[{"Key":"Color","Value":"#1576af"},{"Key":"Hotkey","Value":"j"}],"RuleSet":null,"DefaultValue":"","DataSource":null},{"FieldId":"ses.coi.acord23.VEHCOMPOTCPolicyExpiry","FieldName":"VEH COMP/OTC Policy Expiry","IsMultiValue":false,"Type":"Date","DeriveFieldsFormat":"","Components":[],"SetValues":[],"Metadata":[{"Key":"Color","Value":"#bcc097"},{"Key":"Hotkey","Value":"k"}],"RuleSet":null,"DefaultValue":"","DataSource":null},{"FieldId":"ses.coi.acord23.VEHCOMPOTCDED","FieldName":"VEH COMP/OTC DED","IsMultiValue":false,"Type":"Text","DeriveFieldsFormat":"","Components":[],"SetValues":[],"Metadata":[{"Key":"Color","Value":"#5ad2e8"},{"Key":"Hotkey","Value":"z"}],"RuleSet":null,"DefaultValue":"","DataSource":null},{"FieldId":"ses.coi.acord23.VEHCOMPOTCLossPayee","FieldName":"VEH COMP/OTC Loss Payee","IsMultiValue":false,"Type":"Text","DeriveFieldsFormat":"","Components":[],"SetValues":[],"Metadata":[{"Key":"Color","Value":"#a96b8e"},{"Key":"Hotkey","Value":"1"}],"RuleSet":null,"DefaultValue":"","DataSource":null},{"FieldId":"ses.coi.acord23.VEHCollisionLossPayee","FieldName":"VEH Collision Loss Payee","IsMultiValue":false,"Type":"Text","DeriveFieldsFormat":"","Components":[],"SetValues":[],"Metadata":[{"Key":"Color","Value":"#ea63b6"},{"Key":"Hotkey","Value":"2"}],"RuleSet":null,"DefaultValue":"","DataSource":null},{"FieldId":"ses.coi.acord23.VEHLiabilityADDLINSRD","FieldName":"VEH Liability ADDL INSRD","IsMultiValue":false,"Type":"Text","DeriveFieldsFormat":"","Components":[],"SetValues":[],"Metadata":[{"Key":"Color","Value":"#ccce42"},{"Key":"Hotkey","Value":"3"}],"RuleSet":null,"DefaultValue":"","DataSource":null},{"FieldId":"ses.coi.acord23.Remarks","FieldName":"Remarks","IsMultiValue":false,"Type":"Text","DeriveFieldsFormat":"","Components":[],"SetValues":[],"Metadata":[{"Key":"Color","Value":"#bc9eaa"},{"Key":"Hotkey","Value":"4"}],"RuleSet":null,"DefaultValue":"","DataSource":null},{"FieldId":"ses.coi.acord23.AdditionalInterestLossPayee","FieldName":"Additional Interest Loss Payee","IsMultiValue":false,"Type":"Text","DeriveFieldsFormat":"","Components":[],"SetValues":[],"Metadata":[{"Key":"Color","Value":"#7074e8"},{"Key":"Hotkey","Value":"5"}],"RuleSet":null,"DefaultValue":"","DataSource":null},{"FieldId":"ses.coi.acord23.VEHCollisionLossLimit","FieldName":"VEH Collision Loss Limit","IsMultiValue":false,"Type":"Text","DeriveFieldsFormat":"","Components":[],"SetValues":[],"Metadata":[{"Key":"Color","Value":"#55738f"},{"Key":"Hotkey","Value":"6"}],"RuleSet":null,"DefaultValue":"","DataSource":null},{"FieldId":"ses.coi.acord23.VEHCOMPOTCLimit","FieldName":"VEH COMP/OTC Limit","IsMultiValue":false,"Type":"Text","DeriveFieldsFormat":"","Components":[],"SetValues":[],"Metadata":[{"Key":"Color","Value":"#7f75b9"},{"Key":"Hotkey","Value":"7"}],"RuleSet":null,"DefaultValue":"","DataSource":null},{"FieldId":"ses.coi.acord23.EquipmentPolicyNumber","FieldName":"Equipment Policy Number","IsMultiValue":false,"Type":"Text","DeriveFieldsFormat":"","Components":[],"SetValues":[],"Metadata":[{"Key":"Color","Value":"#af7860"},{"Key":"Hotkey","Value":"8"}],"RuleSet":null,"DefaultValue":"","DataSource":null},{"FieldId":"ses.coi.acord23.EquipmentPolicyEffective","FieldName":"Equipment Policy Effective","IsMultiValue":false,"Type":"Date","DeriveFieldsFormat":"","Components":[],"SetValues":[],"Metadata":[{"Key":"Color","Value":"#c03d85"},{"Key":"Hotkey","Value":"9"}],"RuleSet":null,"DefaultValue":"","DataSource":null},{"FieldId":"ses.coi.acord23.EquipmentPolicyExpiry","FieldName":"Equipment Policy Expiry","IsMultiValue":false,"Type":"Date","DeriveFieldsFormat":"","Components":[],"SetValues":[],"Metadata":[{"Key":"Color","Value":"#60b567"},{"Key":"Hotkey","Value":"@"}],"RuleSet":null,"DefaultValue":"","DataSource":null},{"FieldId":"ses.coi.acord23.EquipmentLimit","FieldName":"Equipment Limit","IsMultiValue":false,"Type":"Text","DeriveFieldsFormat":"","Components":[],"SetValues":[],"Metadata":[{"Key":"Color","Value":"#7d5db6"},{"Key":"Hotkey","Value":"#"}],"RuleSet":null,"DefaultValue":"","DataSource":null},{"FieldId":"ses.coi.acord23.EquipmentDED","FieldName":"Equipment DED","IsMultiValue":false,"Type":"Text","DeriveFieldsFormat":"","Components":[],"SetValues":[],"Metadata":[{"Key":"Color","Value":"#60d3f6"},{"Key":"Hotkey","Value":"$"}],"RuleSet":null,"DefaultValue":"","DataSource":null},{"FieldId":"ses.coi.acord23.GeneralLiabilityPolicyNumber","FieldName":"General Liability Policy Number","IsMultiValue":false,"Type":"Text","DeriveFieldsFormat":"","Components":[],"SetValues":[],"Metadata":[{"Key":"Color","Value":"#c2b638"},{"Key":"Hotkey","Value":"%"}],"RuleSet":null,"DefaultValue":"","DataSource":null},{"FieldId":"ses.coi.acord23.GeneralLiabilityPolicyEffective","FieldName":"General Liability Policy Effective","IsMultiValue":false,"Type":"Date","DeriveFieldsFormat":"","Components":[],"SetValues":[],"Metadata":[{"Key":"Color","Value":"#6a97dd"},{"Key":"Hotkey","Value":"^"}],"RuleSet":null,"DefaultValue":"","DataSource":null},{"FieldId":"ses.coi.acord23.GeneralLiabilityPolicyExpiry","FieldName":"General Liability Policy Expiry","IsMultiValue":false,"Type":"Date","DeriveFieldsFormat":"","Components":[],"SetValues":[],"Metadata":[{"Key":"Color","Value":"#9fa091"},{"Key":"Hotkey","Value":"&"}],"RuleSet":null,"DefaultValue":"","DataSource":null},{"FieldId":"ses.coi.acord23.GeneralLiabilityEachOccuence","FieldName":"General Liability Each Occuence","IsMultiValue":false,"Type":"Text","DeriveFieldsFormat":"","Components":[],"SetValues":[],"Metadata":[{"Key":"Color","Value":"#3878d5"},{"Key":"Hotkey","Value":"*"}],"RuleSet":null,"DefaultValue":"","DataSource":null},{"FieldId":"ses.coi.acord23.GeneralLiabilityGeneralAggregate","FieldName":"General Liability General Aggregate","IsMultiValue":false,"Type":"Text","DeriveFieldsFormat":"","Components":[],"SetValues":[],"Metadata":[{"Key":"Color","Value":"#76a138"},{"Key":"Hotkey","Value":"("}],"RuleSet":null,"DefaultValue":"","DataSource":null},{"FieldId":"ses.coi.acord23.Insurers","FieldName":"Insurers","IsMultiValue":false,"Type":"Table","DeriveFieldsFormat":"","Components":[{"FieldId":"ses.coi.acord23.Insurers.InsureresAffordingCoverage","FieldName":"Insureres Affording Coverage","IsMultiValue":false,"Type":"Text","DeriveFieldsFormat":"","Components":[],"SetValues":[],"Metadata":[],"RuleSet":null,"DefaultValue":"","DataSource":null}],"SetValues":[],"Metadata":[{"Key":"Color","Value":"#e1d750"},{"Key":"Hotkey","Value":")"}],"RuleSet":null,"DefaultValue":"","DataSource":null},{"FieldId":"ses.coi.acord23.NameAddressAdditionalInterest","FieldName":"Name Address Additional Interest","IsMultiValue":false,"Type":"Text","DeriveFieldsFormat":"","Components":[],"SetValues":[],"Metadata":[{"Key":"Color","Value":"#efcc66"},{"Key":"Hotkey","Value":"["}],"RuleSet":null,"DefaultValue":"","DataSource":null},{"FieldId":"ses.coi.acord23.CustomerName","FieldName":"Customer Name","IsMultiValue":false,"Type":"Text","DeriveFieldsFormat":"","Components":[],"SetValues":[],"Metadata":[{"Key":"Color","Value":"#c078a0"},{"Key":"Hotkey","Value":"]"}],"RuleSet":null,"DefaultValue":"","DataSource":null},{"FieldId":"ses.coi.acord23.Equipment_SpecialCheck","FieldName":"Equipment SpecialCheck","IsMultiValue":false,"Type":"Text","DeriveFieldsFormat":"","Components":[],"SetValues":[],"Metadata":[{"Key":"Color","Value":"#af8889"},{"Key":"Hotkey","Value":"{"}],"RuleSet":null,"DefaultValue":"","DataSource":null},{"FieldId":"ses.coi.acord23.EquipmentLossPayee","FieldName":"Equipment Loss Payee","IsMultiValue":false,"Type":"Text","DeriveFieldsFormat":"","Components":[],"SetValues":[],"Metadata":[{"Key":"Color","Value":"#eb50da"},{"Key":"Hotkey","Value":"}"}],"RuleSet":null,"DefaultValue":"","DataSource":null},{"FieldId":"ses.coi.acord23.EquipmentInsrltr","FieldName":"Equipment Insr ltr","IsMultiValue":false,"Type":"Text","DeriveFieldsFormat":"","Components":[],"SetValues":[],"Metadata":[{"Key":"Color","Value":"#15d29c"},{"Key":"Hotkey","Value":"<"}],"RuleSet":null,"DefaultValue":"","DataSource":null},{"FieldId":"ses.coi.acord23.AdditionalInterestAdditionalInsured","FieldName":"Additional Interest Additional Insured","IsMultiValue":false,"Type":"Text","DeriveFieldsFormat":"","Components":[],"SetValues":[],"Metadata":[{"Key":"Color","Value":"#81c7aa"},{"Key":"Hotkey","Value":">"}],"RuleSet":null,"DefaultValue":"","DataSource":null},{"FieldId":"ses.coi.acord23.VehicleLiabilityInsrLtr","FieldName":"Vehicle Liability Insr Ltr","IsMultiValue":false,"Type":"Text","DeriveFieldsFormat":"","Components":[],"SetValues":[],"Metadata":[{"Key":"Color","Value":"#cf8089"}],"RuleSet":null,"DefaultValue":"","DataSource":null},{"FieldId":"ses.coi.acord23.GeneralLiabilityAdditionalInsured","FieldName":"General Liability Additional Insured","IsMultiValue":false,"Type":"Text","DeriveFieldsFormat":"","Components":[],"SetValues":[],"Metadata":[{"Key":"Color","Value":"#46cae0"}],"RuleSet":null,"DefaultValue":"","DataSource":null},{"FieldId":"ses.coi.acord23.GeneralLiabilityInsrLtr","FieldName":"General Liability Insr Ltr","IsMultiValue":false,"Type":"Text","DeriveFieldsFormat":"","Components":[],"SetValues":[],"Metadata":[{"Key":"Color","Value":"#d89c86"}],"RuleSet":null,"DefaultValue":"","DataSource":null}]},{"Connections":[],"DocumentTypeId":"ses.coi.acord27","Group":"ses","Category":"coi","Name":"acord27","OptionalUniqueIdentifier":"","TypeField":{"FieldId":"ses.coi.acord27.DocumentType","FieldName":"Document Type"},"Fields":[{"FieldId":"ses.coi.acord27.DocumentDate","FieldName":"Document Date","IsMultiValue":false,"Type":"Date","DeriveFieldsFormat":"","Components":[],"SetValues":[],"Metadata":[{"Key":"Color","Value":"#038a18"},{"Key":"Hotkey","Value":"c"}],"RuleSet":null,"DefaultValue":"","DataSource":null},{"FieldId":"ses.coi.acord27.AgencyName","FieldName":"Agency Name","IsMultiValue":false,"Type":"Text","DeriveFieldsFormat":"","Components":[],"SetValues":[],"Metadata":[{"Key":"Color","Value":"#9372b2"},{"Key":"Hotkey","Value":"a"}],"RuleSet":null,"DefaultValue":"","DataSource":null},{"FieldId":"ses.coi.acord27.AgencyPhone","FieldName":"Agency Phone","IsMultiValue":false,"Type":"Text","DeriveFieldsFormat":"","Components":[],"SetValues":[],"Metadata":[{"Key":"Color","Value":"#fcd98f"},{"Key":"Hotkey","Value":"g"}],"RuleSet":null,"DefaultValue":"","DataSource":null},{"FieldId":"ses.coi.acord27.AgentEmailAddress","FieldName":"Agent Email Address","IsMultiValue":false,"Type":"Text","DeriveFieldsFormat":"","Components":[],"SetValues":[],"Metadata":[{"Key":"Color","Value":"#b34692"},{"Key":"Hotkey","Value":"e"}],"RuleSet":null,"DefaultValue":"","DataSource":null},{"FieldId":"ses.coi.acord27.PolicyNumber","FieldName":"Policy Number","IsMultiValue":false,"Type":"Text","DeriveFieldsFormat":"","Components":[],"SetValues":[],"Metadata":[{"Key":"Color","Value":"#f546cf"},{"Key":"Hotkey","Value":"l"}],"RuleSet":null,"DefaultValue":"","DataSource":null},{"FieldId":"ses.coi.acord27.ExpirationDate","FieldName":"Expiration Date","IsMultiValue":false,"Type":"Date","DeriveFieldsFormat":"","Components":[],"SetValues":[],"Metadata":[{"Key":"Color","Value":"#c890d5"},{"Key":"Hotkey","Value":"x"}],"RuleSet":null,"DefaultValue":"","DataSource":null},{"FieldId":"ses.coi.acord27.EffectiveDate","FieldName":"Effective Date","IsMultiValue":false,"Type":"Date","DeriveFieldsFormat":"","Components":[],"SetValues":[],"Metadata":[{"Key":"Color","Value":"#a7c58d"},{"Key":"Hotkey","Value":"v"}],"RuleSet":null,"DefaultValue":"","DataSource":null},{"FieldId":"ses.coi.acord27.PropertyInformation","FieldName":"Property Information","IsMultiValue":false,"Type":"Text","DeriveFieldsFormat":"","Components":[],"SetValues":[],"Metadata":[{"Key":"Color","Value":"#f544f6"},{"Key":"Hotkey","Value":"r"}],"RuleSet":null,"DefaultValue":"","DataSource":null},{"FieldId":"ses.coi.acord27.Remarks","FieldName":"Remarks","IsMultiValue":false,"Type":"Text","DeriveFieldsFormat":"","Components":[],"SetValues":[],"Metadata":[{"Key":"Color","Value":"#e28477"},{"Key":"Hotkey","Value":"m"}],"RuleSet":null,"DefaultValue":"","DataSource":null},{"FieldId":"ses.coi.acord27.Company","FieldName":"Company","IsMultiValue":false,"Type":"Text","DeriveFieldsFormat":"","Components":[],"SetValues":[],"Metadata":[{"Key":"Color","Value":"#27af6a"},{"Key":"Hotkey","Value":"y"}],"RuleSet":null,"DefaultValue":"","DataSource":null},{"FieldId":"ses.coi.acord27.AdditionalInsured","FieldName":"Additional Insured","IsMultiValue":false,"Type":"Text","DeriveFieldsFormat":"","Components":[],"SetValues":[],"Metadata":[{"Key":"Color","Value":"#db59b8"},{"Key":"Hotkey","Value":"q"}],"RuleSet":null,"DefaultValue":"","DataSource":null},{"FieldId":"ses.coi.acord27.LossPayee","FieldName":"Loss Payee","IsMultiValue":false,"Type":"Text","DeriveFieldsFormat":"","Components":[],"SetValues":[],"Metadata":[{"Key":"Color","Value":"#f732af"},{"Key":"Hotkey","Value":"w"}],"RuleSet":null,"DefaultValue":"","DataSource":null},{"FieldId":"ses.coi.acord27.AgentPhoneExtension","FieldName":"Agent Phone Extension","IsMultiValue":false,"Type":"Text","DeriveFieldsFormat":"","Components":[],"SetValues":[],"Metadata":[{"Key":"Color","Value":"#5c86fc"},{"Key":"Hotkey","Value":"h"}],"RuleSet":null,"DefaultValue":"","DataSource":null},{"FieldId":"ses.coi.acord27.ContinueUntilTerminated","FieldName":"Continue Until Terminated","IsMultiValue":false,"Type":"Text","DeriveFieldsFormat":"","Components":[],"SetValues":[],"Metadata":[{"Key":"Color","Value":"#6d6a90"},{"Key":"Hotkey","Value":"j"}],"RuleSet":null,"DefaultValue":"","DataSource":null},{"FieldId":"ses.coi.acord27.VIN","FieldName":"VIN","IsMultiValue":true,"Type":"Text","DeriveFieldsFormat":"","Components":[],"SetValues":[],"Metadata":[{"Key":"Color","Value":"#80a077"},{"Key":"Hotkey","Value":"k"}],"RuleSet":null,"DefaultValue":"","DataSource":null},{"FieldId":"ses.coi.acord27.CoverageInformation","FieldName":"Coverage Information","IsMultiValue":false,"Type":"Table","DeriveFieldsFormat":"","Components":[{"FieldId":"ses.coi.acord27.CoverageInformation.CoveragePerilsForms","FieldName":"Coverage/Perils/Forms","IsMultiValue":false,"Type":"Text","DeriveFieldsFormat":"","Components":[],"SetValues":[],"Metadata":[],"RuleSet":null,"DefaultValue":"","DataSource":null},{"FieldId":"ses.coi.acord27.CoverageInformation.AmountofInsurance","FieldName":"Amount of Insurance","IsMultiValue":false,"Type":"Text","DeriveFieldsFormat":"","Components":[],"SetValues":[],"Metadata":[],"RuleSet":null,"DefaultValue":"","DataSource":null},{"FieldId":"ses.coi.acord27.CoverageInformation.Deductable","FieldName":"Deductable","IsMultiValue":false,"Type":"Text","DeriveFieldsFormat":"","Components":[],"SetValues":[],"Metadata":[],"RuleSet":null,"DefaultValue":"","DataSource":null}],"SetValues":[],"Metadata":[{"Key":"Color","Value":"#c7b0b4"},{"Key":"Hotkey","Value":"z"}],"RuleSet":null,"DefaultValue":"","DataSource":null},{"FieldId":"ses.coi.acord27.Special","FieldName":"Special","IsMultiValue":false,"Type":"Text","DeriveFieldsFormat":"","Components":[],"SetValues":[],"Metadata":[{"Key":"Color","Value":"#5960fb"},{"Key":"Hotkey","Value":"1"}],"RuleSet":null,"DefaultValue":"","DataSource":null},{"FieldId":"ses.coi.acord27.Additionalinterestnameandaddress","FieldName":"Additional interest name and address","IsMultiValue":false,"Type":"Text","DeriveFieldsFormat":"","Components":[],"SetValues":[],"Metadata":[{"Key":"Color","Value":"#af9dbe"},{"Key":"Hotkey","Value":"2"}],"RuleSet":null,"DefaultValue":"","DataSource":null},{"FieldId":"ses.coi.acord27.Mortgagee","FieldName":"Mortgagee","IsMultiValue":false,"Type":"Text","DeriveFieldsFormat":"","Components":[],"SetValues":[],"Metadata":[{"Key":"Color","Value":"#27d691"},{"Key":"Hotkey","Value":"3"}],"RuleSet":null,"DefaultValue":"","DataSource":null}]},{"Connections":[],"DocumentTypeId":"ses.coi.General","Group":"ses","Category":"coi","Name":"General","OptionalUniqueIdentifier":"","TypeField":{"FieldId":"ses.coi.General.DocumentType","FieldName":"Document Type"},"Fields":[{"FieldId":"ses.coi.General.DocumentDate","FieldName":"Document Date","IsMultiValue":false,"Type":"Date","DeriveFieldsFormat":"","Components":[],"SetValues":[],"Metadata":[{"Key":"Color","Value":"#038a18"},{"Key":"Hotkey","Value":"c"}],"RuleSet":null,"DefaultValue":"","DataSource":null},{"FieldId":"ses.coi.General.AgencyName","FieldName":"Agency Name","IsMultiValue":false,"Type":"Text","DeriveFieldsFormat":"","Components":[],"SetValues":[],"Metadata":[{"Key":"Color","Value":"#fa6616"},{"Key":"Hotkey","Value":"a"}],"RuleSet":null,"DefaultValue":"","DataSource":null},{"FieldId":"ses.coi.General.AgencyPhone","FieldName":"Agency Phone","IsMultiValue":false,"Type":"Text","DeriveFieldsFormat":"","Components":[],"SetValues":[],"Metadata":[{"Key":"Color","Value":"#fcd98f"},{"Key":"Hotkey","Value":"g"}],"RuleSet":null,"DefaultValue":"","DataSource":null},{"FieldId":"ses.coi.General.AgentEmailAddress","FieldName":"Agent Email Address","IsMultiValue":false,"Type":"Text","DeriveFieldsFormat":"","Components":[],"SetValues":[],"Metadata":[{"Key":"Color","Value":"#b34692"},{"Key":"Hotkey","Value":"e"}],"RuleSet":null,"DefaultValue":"","DataSource":null},{"FieldId":"ses.coi.General.PolicyNumber","FieldName":"Policy Number","IsMultiValue":false,"Type":"Number","DeriveFieldsFormat":"","Components":[],"SetValues":[],"Metadata":[{"Key":"Color","Value":"#ea59f8"},{"Key":"Hotkey","Value":"l"}],"RuleSet":null,"DefaultValue":"","DataSource":null},{"FieldId":"ses.coi.General.ExpirationDate","FieldName":"Expiration Date","IsMultiValue":false,"Type":"Date","DeriveFieldsFormat":"","Components":[],"SetValues":[],"Metadata":[{"Key":"Color","Value":"#7ecdc8"},{"Key":"Hotkey","Value":"x"}],"RuleSet":null,"DefaultValue":"","DataSource":null},{"FieldId":"ses.coi.General.EffectiveDate","FieldName":"Effective Date","IsMultiValue":false,"Type":"Date","DeriveFieldsFormat":"","Components":[],"SetValues":[],"Metadata":[{"Key":"Color","Value":"#b29bc6"},{"Key":"Hotkey","Value":"v"}],"RuleSet":null,"DefaultValue":"","DataSource":null},{"FieldId":"ses.coi.General.Insurer","FieldName":"Insurer","IsMultiValue":false,"Type":"Text","DeriveFieldsFormat":"","Components":[],"SetValues":[],"Metadata":[{"Key":"Color","Value":"#857c60"},{"Key":"Hotkey","Value":"r"}],"RuleSet":null,"DefaultValue":"","DataSource":null},{"FieldId":"ses.coi.General.DescriptionRemarks","FieldName":"Description/Remarks","IsMultiValue":false,"Type":"Text","DeriveFieldsFormat":"","Components":[],"SetValues":[],"Metadata":[{"Key":"Color","Value":"#b474e5"},{"Key":"Hotkey","Value":"m"}],"RuleSet":null,"DefaultValue":"","DataSource":null},{"FieldId":"ses.coi.General.LiabilityLimit","FieldName":"Liability Limit","IsMultiValue":false,"Type":"Text","DeriveFieldsFormat":"","Components":[],"SetValues":[],"Metadata":[{"Key":"Color","Value":"#4cd3d6"},{"Key":"Hotkey","Value":"y"}],"RuleSet":null,"DefaultValue":"","DataSource":null},{"FieldId":"ses.coi.General.PropertyLimit","FieldName":"Property Limit","IsMultiValue":false,"Type":"Text","DeriveFieldsFormat":"","Components":[],"SetValues":[],"Metadata":[{"Key":"Color","Value":"#9dba6b"},{"Key":"Hotkey","Value":"q"}],"RuleSet":null,"DefaultValue":"","DataSource":null},{"FieldId":"ses.coi.General.CompDED","FieldName":"Comp DED","IsMultiValue":false,"Type":"Text","DeriveFieldsFormat":"","Components":[],"SetValues":[],"Metadata":[{"Key":"Color","Value":"#b832af"},{"Key":"Hotkey","Value":"w"}],"RuleSet":null,"DefaultValue":"","DataSource":null},{"FieldId":"ses.coi.General.CollisionDED","FieldName":"Collision DED","IsMultiValue":false,"Type":"Text","DeriveFieldsFormat":"","Components":[],"SetValues":[],"Metadata":[{"Key":"Color","Value":"#70cea9"},{"Key":"Hotkey","Value":"h"}],"RuleSet":null,"DefaultValue":"","DataSource":null},{"FieldId":"ses.coi.General.VIN","FieldName":"VIN","IsMultiValue":true,"Type":"Text","DeriveFieldsFormat":"","Components":[],"SetValues":[],"Metadata":[{"Key":"Color","Value":"#cddc5c"},{"Key":"Hotkey","Value":"j"}],"RuleSet":null,"DefaultValue":"","DataSource":null}]},{"Connections":[],"DocumentTypeId":"ses.coi.acord24","Group":"ses","Category":"coi","Name":"acord24","OptionalUniqueIdentifier":"","TypeField":{"FieldId":"ses.coi.acord24.DocumentType","FieldName":"Document Type"},"Fields":[{"FieldId":"ses.coi.acord24.DocumentDate","FieldName":"Document Date","IsMultiValue":false,"Type":"Date","DeriveFieldsFormat":"","Components":[],"SetValues":[],"Metadata":[{"Key":"Color","Value":"#038a18"},{"Key":"Hotkey","Value":"c"}],"RuleSet":null,"DefaultValue":"","DataSource":null},{"FieldId":"ses.coi.acord24.ProducerName","FieldName":"Producer Name","IsMultiValue":false,"Type":"Text","DeriveFieldsFormat":"","Components":[],"SetValues":[],"Metadata":[{"Key":"Color","Value":"#fa6616"},{"Key":"Hotkey","Value":"r"}],"RuleSet":null,"DefaultValue":"","DataSource":null},{"FieldId":"ses.coi.acord24.ContactName","FieldName":"Contact Name","IsMultiValue":false,"Type":"Name","DeriveFieldsFormat":"","Components":[],"SetValues":[],"Metadata":[{"Key":"Color","Value":"#8a97a0"},{"Key":"Hotkey","Value":"a"}],"RuleSet":null,"DefaultValue":"","DataSource":null},{"FieldId":"ses.coi.acord24.ContactPhone","FieldName":"Contact Phone","IsMultiValue":false,"Type":"Text","DeriveFieldsFormat":"","Components":[],"SetValues":[],"Metadata":[{"Key":"Color","Value":"#6eb84a"},{"Key":"Hotkey","Value":"h"}],"RuleSet":null,"DefaultValue":"","DataSource":null},{"FieldId":"ses.coi.acord24.ContactEmail","FieldName":"Contact Email","IsMultiValue":false,"Type":"Text","DeriveFieldsFormat":"","Components":[],"SetValues":[],"Metadata":[{"Key":"Color","Value":"#d2d550"},{"Key":"Hotkey","Value":"e"}],"RuleSet":null,"DefaultValue":"","DataSource":null},{"FieldId":"ses.coi.acord24.CertificateHolder","FieldName":"Certificate Holder","IsMultiValue":false,"Type":"Text","DeriveFieldsFormat":"","Components":[],"SetValues":[],"Metadata":[{"Key":"Color","Value":"#8a97a0"},{"Key":"Hotkey","Value":"l"}],"RuleSet":null,"DefaultValue":"","DataSource":null},{"FieldId":"ses.coi.acord24.PropertyPolicyNumber","FieldName":"Property Policy Number","IsMultiValue":false,"Type":"Text","DeriveFieldsFormat":"","Components":[],"SetValues":[],"Metadata":[{"Key":"Color","Value":"#e59381"},{"Key":"Hotkey","Value":"6"}],"RuleSet":null,"DefaultValue":"","DataSource":null},{"FieldId":"ses.coi.acord24.PropertyPolicyEffective","FieldName":"Property Policy Effective","IsMultiValue":false,"Type":"Date","DeriveFieldsFormat":"","Components":[],"SetValues":[],"Metadata":[{"Key":"Color","Value":"#4c15f1"},{"Key":"Hotkey","Value":"y"}],"RuleSet":null,"DefaultValue":"","DataSource":null},{"FieldId":"ses.coi.acord24.PropertyPolicyExpiry","FieldName":"Property Policy Expiry","IsMultiValue":false,"Type":"Date","DeriveFieldsFormat":"","Components":[],"SetValues":[],"Metadata":[{"Key":"Color","Value":"#7aaaed"},{"Key":"Hotkey","Value":"x"}],"RuleSet":null,"DefaultValue":"","DataSource":null},{"FieldId":"ses.coi.acord24.PropertyBuildingLimit","FieldName":"Property Building Limit","IsMultiValue":false,"Type":"Text","DeriveFieldsFormat":"","Components":[],"SetValues":[],"Metadata":[{"Key":"Color","Value":"#857c60"},{"Key":"Hotkey","Value":"g"}],"RuleSet":null,"DefaultValue":"","DataSource":null},{"FieldId":"ses.coi.acord24.PropertyPersonalLimit","FieldName":" Property Personal Limit","IsMultiValue":false,"Type":"Text","DeriveFieldsFormat":"","Components":[],"SetValues":[],"Metadata":[{"Key":"Color","Value":"#fa38ce"},{"Key":"Hotkey","Value":"m"}],"RuleSet":null,"DefaultValue":"","DataSource":null},{"FieldId":"ses.coi.acord24.PropertyBusinessIncomeLimit","FieldName":"Property Business Income Limit","IsMultiValue":false,"Type":"Text","DeriveFieldsFormat":"","Components":[],"SetValues":[],"Metadata":[{"Key":"Color","Value":"#35dfe2"},{"Key":"Hotkey","Value":"q"}],"RuleSet":null,"DefaultValue":"","DataSource":null},{"FieldId":"ses.coi.acord24.PropertyExtraExpenseLimit","FieldName":"Property Extra Expense Limit","IsMultiValue":false,"Type":"Text","DeriveFieldsFormat":"","Components":[],"SetValues":[],"Metadata":[{"Key":"Color","Value":"#3d27d9"},{"Key":"Hotkey","Value":"w"}],"RuleSet":null,"DefaultValue":"","DataSource":null},{"FieldId":"ses.coi.acord24.PropertyRentalValueLimit","FieldName":"Property Rental Value Limit","IsMultiValue":false,"Type":"Text","DeriveFieldsFormat":"","Components":[],"SetValues":[],"Metadata":[{"Key":"Color","Value":"#b832af"},{"Key":"Hotkey","Value":"v"}],"RuleSet":null,"DefaultValue":"","DataSource":null},{"FieldId":"ses.coi.acord24.PropertyBlanketBuildingLimit","FieldName":"Property Blanket Building Limit","IsMultiValue":false,"Type":"Text","DeriveFieldsFormat":"","Components":[],"SetValues":[],"Metadata":[{"Key":"Color","Value":"#b2a1ba"},{"Key":"Hotkey","Value":"k"}],"RuleSet":null,"DefaultValue":"","DataSource":null},{"FieldId":"ses.coi.acord24.PropertyBlankerPersPropLimit","FieldName":"Property Blanker Pers Prop Limit","IsMultiValue":false,"Type":"Text","DeriveFieldsFormat":"","Components":[],"SetValues":[],"Metadata":[{"Key":"Color","Value":"#32c64c"},{"Key":"Hotkey","Value":"j"}],"RuleSet":null,"DefaultValue":"","DataSource":null},{"FieldId":"ses.coi.acord24.PropertyBlanketBldgandPPLimit","FieldName":"Property Blanket Bldg and PP Limit","IsMultiValue":false,"Type":"Text","DeriveFieldsFormat":"","Components":[],"SetValues":[],"Metadata":[{"Key":"Color","Value":"#cf15af"},{"Key":"Hotkey","Value":"z"}],"RuleSet":null,"DefaultValue":"","DataSource":null},{"FieldId":"ses.coi.acord24.PropertyVariable1Limit","FieldName":"Property Variable 1 Limit","IsMultiValue":false,"Type":"Text","DeriveFieldsFormat":"","Components":[],"SetValues":[],"Metadata":[{"Key":"Color","Value":"#ad7fcf"},{"Key":"Hotkey","Value":"1"}],"RuleSet":null,"DefaultValue":"","DataSource":null},{"FieldId":"ses.coi.acord24.PropertyVariable2Limit","FieldName":"Property Variable 2 Limit","IsMultiValue":false,"Type":"Text","DeriveFieldsFormat":"","Components":[],"SetValues":[],"Metadata":[{"Key":"Color","Value":"#65d8a7"},{"Key":"Hotkey","Value":"2"}],"RuleSet":null,"DefaultValue":"","DataSource":null},{"FieldId":"ses.coi.acord24.InsuranceSpecialBoolean","FieldName":"Insurance Special Boolean","IsMultiValue":false,"Type":"Text","DeriveFieldsFormat":"","Components":[],"SetValues":[],"Metadata":[{"Key":"Color","Value":"#dd63b6"},{"Key":"Hotkey","Value":"3"}],"RuleSet":null,"DefaultValue":"","DataSource":null},{"FieldId":"ses.coi.acord24.SpecialConditions","FieldName":"Special Conditions","IsMultiValue":false,"Type":"Text","DeriveFieldsFormat":"","Components":[],"SetValues":[],"Metadata":[{"Key":"Color","Value":"#e64af5"},{"Key":"Hotkey","Value":"4"}],"RuleSet":null,"DefaultValue":"","DataSource":null},{"FieldId":"ses.coi.acord24.LocationOfPremise","FieldName":"Location Of Premise","IsMultiValue":false,"Type":"Text","DeriveFieldsFormat":"","Components":[],"SetValues":[],"Metadata":[{"Key":"Color","Value":"#e8c550"},{"Key":"Hotkey","Value":"5"}],"RuleSet":null,"DefaultValue":"","DataSource":null},{"FieldId":"ses.coi.acord24.InsurersaffordingcoverageA","FieldName":"Insurers affording coverage A","IsMultiValue":false,"Type":"Text","DeriveFieldsFormat":"","Components":[],"SetValues":[],"Metadata":[{"Key":"Color","Value":"#be91ca"},{"Key":"Hotkey","Value":"7"}],"RuleSet":null,"DefaultValue":"","DataSource":null},{"FieldId":"ses.coi.acord24.InsurersaffordingcoverageB","FieldName":"Insurers affording coverage B","IsMultiValue":false,"Type":"Text","DeriveFieldsFormat":"","Components":[],"SetValues":[],"Metadata":[{"Key":"Color","Value":"#8a95c5"},{"Key":"Hotkey","Value":"8"}],"RuleSet":null,"DefaultValue":"","DataSource":null},{"FieldId":"ses.coi.acord24.InsurersaffordingcoverageC","FieldName":"Insurers affording coverage C","IsMultiValue":false,"Type":"Text","DeriveFieldsFormat":"","Components":[],"SetValues":[],"Metadata":[{"Key":"Color","Value":"#a5ba48"},{"Key":"Hotkey","Value":"9"}],"RuleSet":null,"DefaultValue":"","DataSource":null},{"FieldId":"ses.coi.acord24.InsurersaffordingcoverageD","FieldName":"Insurers affording coverage D","IsMultiValue":false,"Type":"Text","DeriveFieldsFormat":"","Components":[],"SetValues":[],"Metadata":[{"Key":"Color","Value":"#32dafb"},{"Key":"Hotkey","Value":"@"}],"RuleSet":null,"DefaultValue":"","DataSource":null},{"FieldId":"ses.coi.acord24.InsurersaffordingcoverageE","FieldName":"Insurers affording coverage E","IsMultiValue":false,"Type":"Text","DeriveFieldsFormat":"","Components":[],"SetValues":[],"Metadata":[{"Key":"Color","Value":"#ce90c0"},{"Key":"Hotkey","Value":"#"}],"RuleSet":null,"DefaultValue":"","DataSource":null},{"FieldId":"ses.coi.acord24.InsurersaffordingcoverageF","FieldName":"Insurers affording coverage F","IsMultiValue":false,"Type":"Text","DeriveFieldsFormat":"","Components":[],"SetValues":[],"Metadata":[{"Key":"Color","Value":"#bab650"},{"Key":"Hotkey","Value":"^"}],"RuleSet":null,"DefaultValue":"","DataSource":null},{"FieldId":"ses.coi.acord24.InsrLTRProperty","FieldName":"Insr LTR Property","IsMultiValue":false,"Type":"Text","DeriveFieldsFormat":"","Components":[],"SetValues":[],"Metadata":[{"Key":"Color","Value":"#a49497"},{"Key":"Hotkey","Value":"$"}],"RuleSet":null,"DefaultValue":"","DataSource":null},{"FieldId":"ses.coi.acord24.InsrLTRCrime","FieldName":"Insr LTR Crime","IsMultiValue":false,"Type":"Text","DeriveFieldsFormat":"","Components":[],"SetValues":[],"Metadata":[{"Key":"Color","Value":"#7b15e5"},{"Key":"Hotkey","Value":"%"}],"RuleSet":null,"DefaultValue":"","DataSource":null},{"FieldId":"ses.coi.acord24.InsrLTRBroiler&Machinery","FieldName":"Insr LTR Broiler & Machinery","IsMultiValue":false,"Type":"Text","DeriveFieldsFormat":"","Components":[],"SetValues":[],"Metadata":[{"Key":"Color","Value":"#57b8f2"},{"Key":"Hotkey","Value":"&"}],"RuleSet":null,"DefaultValue":"","DataSource":null},{"FieldId":"ses.coi.acord24.InsrLTRvariable","FieldName":"Insr LTR variable","IsMultiValue":false,"Type":"Text","DeriveFieldsFormat":"","Components":[],"SetValues":[],"Metadata":[{"Key":"Color","Value":"#f7df22"},{"Key":"Hotkey","Value":"("}],"RuleSet":null,"DefaultValue":"","DataSource":null},{"FieldId":"ses.coi.acord24.InsrlTRInlandMarine","FieldName":"Insr LTR InlandMarine","IsMultiValue":false,"Type":"Text","DeriveFieldsFormat":"","Components":[],"SetValues":[],"Metadata":[{"Key":"Color","Value":"#8ebd52"},{"Key":"Hotkey","Value":"*"}],"RuleSet":null,"DefaultValue":"","DataSource":null}]},{"Connections":[],"DocumentTypeId":"ses.coi.acord28","Group":"ses","Category":"coi","Name":"acord28","OptionalUniqueIdentifier":"","TypeField":{"FieldId":"ses.coi.acord28.DocumentType","FieldName":"Document Type"},"Fields":[{"FieldId":"ses.coi.acord28.DocumentDate","FieldName":"Document Date","IsMultiValue":false,"Type":"Date","DeriveFieldsFormat":"","Components":[],"SetValues":[],"Metadata":[{"Key":"Color","Value":"#038a18"},{"Key":"Hotkey","Value":"c"}],"RuleSet":null,"DefaultValue":"","DataSource":null},{"FieldId":"ses.coi.acord28.ProducerName","FieldName":"Producer Name","IsMultiValue":false,"Type":"Text","DeriveFieldsFormat":"","Components":[],"SetValues":[],"Metadata":[{"Key":"Color","Value":"#fa6616"},{"Key":"Hotkey","Value":"r"}],"RuleSet":null,"DefaultValue":"","DataSource":null},{"FieldId":"ses.coi.acord28.ContactPhone","FieldName":"Contact Phone","IsMultiValue":false,"Type":"Text","DeriveFieldsFormat":"","Components":[],"SetValues":[],"Metadata":[{"Key":"Color","Value":"#8a97a0"},{"Key":"Hotkey","Value":"a"}],"RuleSet":null,"DefaultValue":"","DataSource":null},{"FieldId":"ses.coi.acord28.ContactEmail","FieldName":"Contact Email","IsMultiValue":false,"Type":"Text","DeriveFieldsFormat":"","Components":[],"SetValues":[],"Metadata":[{"Key":"Color","Value":"#6eb84a"},{"Key":"Hotkey","Value":"e"}],"RuleSet":null,"DefaultValue":"","DataSource":null},{"FieldId":"ses.coi.acord28.CompanyName","FieldName":"Company Name","IsMultiValue":false,"Type":"Text","DeriveFieldsFormat":"","Components":[],"SetValues":[],"Metadata":[{"Key":"Color","Value":"#ef46cf"},{"Key":"Hotkey","Value":"m"}],"RuleSet":null,"DefaultValue":"","DataSource":null},{"FieldId":"ses.coi.acord28.NameandAddress","FieldName":"Name and Address","IsMultiValue":false,"Type":"Text","DeriveFieldsFormat":"","Components":[],"SetValues":[],"Metadata":[{"Key":"Color","Value":"#ab3bdc"},{"Key":"Hotkey","Value":"q"}],"RuleSet":null,"DefaultValue":"","DataSource":null},{"FieldId":"ses.coi.acord28.PolicyNumber","FieldName":"Policy Number","IsMultiValue":false,"Type":"Text","DeriveFieldsFormat":"","Components":[],"SetValues":[],"Metadata":[{"Key":"Color","Value":"#3ddb77"},{"Key":"Hotkey","Value":"l"}],"RuleSet":null,"DefaultValue":"","DataSource":null},{"FieldId":"ses.coi.acord28.PolicyExpirationDate","FieldName":"Policy Expiration Date","IsMultiValue":false,"Type":"Date","DeriveFieldsFormat":"","Components":[],"SetValues":[],"Metadata":[{"Key":"Color","Value":"#f042f7"},{"Key":"Hotkey","Value":"y"}],"RuleSet":null,"DefaultValue":"","DataSource":null},{"FieldId":"ses.coi.acord28.LocationorDescription","FieldName":"Location or Description","IsMultiValue":false,"Type":"Text","DeriveFieldsFormat":"","Components":[],"SetValues":[],"Metadata":[{"Key":"Color","Value":"#851ccc"},{"Key":"Hotkey","Value":"w"}],"RuleSet":null,"DefaultValue":"","DataSource":null},{"FieldId":"ses.coi.acord28.PolicyEffectiveDate","FieldName":"Policy Effective Date","IsMultiValue":false,"Type":"Date","DeriveFieldsFormat":"","Components":[],"SetValues":[],"Metadata":[{"Key":"Color","Value":"#6eb84a"},{"Key":"Hotkey","Value":"v"}],"RuleSet":null,"DefaultValue":"","DataSource":null},{"FieldId":"ses.coi.acord28.Special","FieldName":"Special","IsMultiValue":false,"Type":"Text","DeriveFieldsFormat":"","Components":[],"SetValues":[],"Metadata":[{"Key":"Color","Value":"#5d46cf"},{"Key":"Hotkey","Value":"g"}],"RuleSet":null,"DefaultValue":"","DataSource":null},{"FieldId":"ses.coi.acord28.CommercialPropertycoverageamountofinsurance","FieldName":"Commercial Property coverage amount of insurance","IsMultiValue":false,"Type":"Text","DeriveFieldsFormat":"","Components":[],"SetValues":[],"Metadata":[{"Key":"Color","Value":"#a0b58b"},{"Key":"Hotkey","Value":"h"}],"RuleSet":null,"DefaultValue":"","DataSource":null},{"FieldId":"ses.coi.acord28.ContinueUntilTerminated","FieldName":"Continue Until Terminated","IsMultiValue":false,"Type":"Text","DeriveFieldsFormat":"","Components":[],"SetValues":[],"Metadata":[{"Key":"Color","Value":"#9ebdb4"},{"Key":"Hotkey","Value":"j"}],"RuleSet":null,"DefaultValue":"","DataSource":null}]}],"Groups":[{"Name":"ses","Categories":["coi"]}],"SupportedLanguages":[{"Name":"Undetermined Language","Code":"und"},{"Name":"Bulgarian","Code":"bul"},{"Name":"Cantonese","Code":"yue"},{"Name":"Danish","Code":"dan"},{"Name":"Dutch","Code":"nld"},{"Name":"English","Code":"eng"},{"Name":"French","Code":"fra"},{"Name":"Georgian","Code":"kat"},{"Name":"German","Code":"deu"},{"Name":"Greek","Code":"ell"},{"Name":"Hebrew","Code":"heb"},{"Name":"Hindi","Code":"hin"},{"Name":"Italian","Code":"ita"},{"Name":"Japanese","Code":"jpn"},{"Name":"Korean","Code":"kor"},{"Name":"Macedonian","Code":"mkd"},{"Name":"Mandarin","Code":"zho"},{"Name":"Marathi","Code":"mar"},{"Name":"Norwegian","Code":"nor"},{"Name":"Polish","Code":"pol"},{"Name":"Portuguese","Code":"por"},{"Name":"Romanian","Code":"ron"},{"Name":"Russian","Code":"rus"},{"Name":"Serbian","Code":"srp"},{"Name":"Spanish","Code":"spa"},{"Name":"Swedish","Code":"swe"},{"Name":"Telugu","Code":"tel"},{"Name":"Turkish","Code":"tur"}]}